{
  "created_at": "2025-10-06T10:33:35.720884",
  "notes": "Fixed HTML polish",
  "git_sha": "f9120364",
  "scenarios_run": [
    "A",
    "B",
    "C"
  ],
  "total_duration_sec": 5400,
  "scenario_metadata": {
    "A": {
      "duration_per_side": 900,
      "buckets_per_side": 90,
      "qps": 15,
      "noise_pct": 0.03,
      "perm_trials": 5000,
      "delta_p95_ms": 12.5,
      "p_value": 0.010327955589886443,
      "delta_recall": 0.029,
      "safety_rate": 0.995,
      "apply_rate": 0.959
    },
    "B": {
      "duration_per_side": 900,
      "buckets_per_side": 90,
      "qps": 15,
      "noise_pct": 0.03,
      "perm_trials": 5000,
      "delta_p95_ms": 9.2,
      "p_value": 0.014032548355823975,
      "delta_recall": 0.035,
      "safety_rate": 0.995,
      "apply_rate": 0.958
    },
    "C": {
      "duration_per_side": 900,
      "buckets_per_side": 90,
      "qps": 15,
      "noise_pct": 0.03,
      "perm_trials": 5000,
      "delta_p95_ms": 10.8,
      "p_value": 0.011953652303109312,
      "delta_recall": 0.029,
      "safety_rate": 0.992,
      "apply_rate": 0.956
    }
  },
  "summary": {
    "scenarios_passed": 3,
    "scenarios_total": 3,
    "duration_per_side": 900,
    "buckets_per_side": 90,
    "perm_trials": 5000,
    "pass_rate": 1.0
  }
}