{
  "scenario": "A",
  "preset": "High-Latency, Low-Recall",
  "mode": "sim",
  "duration_sec": 600,
  "bucket_sec": 10,
  "qps": 12,
  "init_params": {
    "ef_search": 256,
    "candidate_k": 2000,
    "rerank_k": 100,
    "threshold_T": 0.8
  },
  "single_knob": {
    "metrics": {
      "delta_p95_ms": 11.5,
      "delta_recall": 0.032,
      "p_value": 0.011226038684659179,
      "safety_rate": 0.992,
      "apply_rate": 0.956,
      "run_params": {
        "duration_sec": 900,
        "bucket_sec": 10,
        "qps": 15,
        "buckets_per_side": 90,
        "noise_pct": 0.03,
        "perm_trials": 5000,
        "seed": 706
      }
    },
    "experiment_dir": "demo_pack/20251006_1034/scenario_A/single_knob"
  },
  "multi_knob": {
    "metrics": {
      "delta_p95_ms": 11.5,
      "delta_recall": 0.032,
      "p_value": 0.011226038684659179,
      "safety_rate": 0.992,
      "apply_rate": 0.956,
      "run_params": {
        "duration_sec": 900,
        "bucket_sec": 10,
        "qps": 15,
        "buckets_per_side": 90,
        "noise_pct": 0.03,
        "perm_trials": 5000,
        "seed": 706
      }
    },
    "experiment_dir": "demo_pack/20251006_1034/scenario_A/multi_knob"
  },
  "comparison": {
    "delta_p95_ms": 11.5,
    "delta_recall": 0.032,
    "p_value": 0.011226038684659179,
    "safety_rate": 0.992,
    "apply_rate": 0.956,
    "seed": 706,
    "run_params": {
      "duration_sec": 900,
      "bucket_sec": 10,
      "qps": 15,
      "buckets_per_side": 90,
      "noise_pct": 0.03,
      "perm_trials": 5000,
      "seed": 706
    }
  }
}